,Sentence,Categorized
0,"""The team celebrated their championship win with a grand parade through the city.""",event
1,"""Serena Williams broke another record at the Australian Open with her powerful serve.""",sports
2,"""The coach implemented a new strategy to improve the team's defensive line.""",strategy
3,"""The marathon runner finished in under two hours, setting a new world record.""",achievement
4,"""The soccer match was postponed due to heavy rain and unsafe playing conditions.""",weather
5,"""The company reported a 15% increase in quarterly profits due to higher sales.""",finance
6,"""The board of directors met to discuss the upcoming merger with a major competitor.""",business
7,"""The startup received venture capital funding to accelerate its product development.""",business
8,"""The CEO announced a new initiative to enhance employee work-life balance.""",business
9,"""The market research indicated a growing demand for eco-friendly consumer products.""",business
10,"""Scientists discovered a new exoplanet in the habitable zone of its star system.""",discovery
11,"""The research team published their findings on the effects of climate change on coral reefs.""",science
12,"""A breakthrough in quantum computing could revolutionize data processing speeds.""",technology
13,"""The experiment aimed to understand the genetic basis of inherited diseases.""",science
14,"""Astronomers observed unusual activity in a distant galaxy, leading to new theories about dark matter.""",science
